{
    "train": {
        "accuracy": 9.530155987079377,
        "loss": 0.17653592737617052
    },
    "val": {
        "accuracy": 9.031192961018723,
        "loss": 0.663357635743814
    },
    "step": 9
}
