{
    "train": {
        "accuracy": 9.719631788340884,
        "loss": 0.09521355077392013
    },
    "val": {
        "accuracy": 9.165509204535896,
        "loss": 0.32620011761203915
    },
    "step": 9
}
