step	accuracy
0	0.6317754432153423
1	1.6544559008546262
2	2.5700719115762807
3	3.6132148512188866
4	4.791110977005967
5	5.878365235856046
6	6.636390607477844
7	7.870184393260629
8	8.434729833265184
9	9.530155987079377
