step	accuracy
0	0.0410635151387323
1	1.1890723632863902
2	2.325481230095387
3	3.623779780917311
4	4.274494593985187
5	5.799963819075056
6	6.789105017902824
7	7.023787660830823
8	8.522306998208165
9	9.719631788340884
