step	loss
0	9.053028847604375
1	8.702666256351065
2	7.102047002788116
3	6.421606888029265
4	5.161023198879075
5	4.745971634841887
6	3.2827860922753747
7	2.81165965423527
8	1.5391652191045067
9	0.09521355077392013
