step	loss
0	9.128589767201484
1	8.336851354828784
2	7.686628372019796
3	6.826333462481891
4	5.739151556394833
5	4.9453180931574074
6	3.9736662569577206
7	2.4342984449587797
8	1.984732795120622
9	0.17653592737617052
